<?xml version="1.0" encoding="utf-8"?>
<!DOCTYPE hibernate-configuration PUBLIC
"-//Hibernate/Hibernate Configuration DTD 3.0//EN"
"http://hibernate.sourceforge.net/hibernate-configuration-3.0.dtd">
<hibernate-configuration>
	<session-factory>
		<property name="connection.driver_class">com.mysql.cj.jdbc.Driver</property>
		<property name="connection.url">jdbc:mysql://localhost:3306/sdaproject?serverTimezone=UTC</property>
		<property name="hibernate.connection.username">root</property>
		<property name="hibernate.connection.password">drkart</property>
		<property name="dialect">org.hibernate.dialect.MySQL5Dialect</property>
		<property name="show_sql">true</property>
		<property name="hbm2ddl.auto">update</property>
		<property name="hibernate.current_session_context_class">thread</property>
		<mapping class="com.myProg.entitati.Autor" />
		<mapping class="com.myProg.entitati.Carte" />
		<mapping class="com.myProg.entitati.Editura" />
	</session-factory>
</hibernate-configuration>